{
  "Arthritis": {
    "precision": 0.3873239436619718,
    "recall": 0.4489795918367347,
    "f1-score": 0.4158790170132325,
    "support": 245.0
  },
  "Asthma": {
    "precision": 0.2916666666666667,
    "recall": 0.24305555555555555,
    "f1-score": 0.26515151515151514,
    "support": 144.0
  },
  "Diabetes": {
    "precision": 0.193717277486911,
    "recall": 0.17370892018779344,
    "f1-score": 0.18316831683168316,
    "support": 213.0
  },
  "Heart_Disease": {
    "precision": 0.5217391304347826,
    "recall": 0.5660377358490566,
    "f1-score": 0.5429864253393665,
    "support": 212.0
  },
  "Hypertension": {
    "precision": 0.2742857142857143,
    "recall": 0.25806451612903225,
    "f1-score": 0.2659279778393352,
    "support": 186.0
  },
  "accuracy": 0.35,
  "macro avg": {
    "precision": 0.33374654650720925,
    "recall": 0.33796926391163445,
    "f1-score": 0.33462265043502654,
    "support": 1000.0
  },
  "weighted avg": {
    "precision": 0.33978198481121197,
    "recall": 0.35,
    "f1-score": 0.34366275488527065,
    "support": 1000.0
  }
}