{
  "accuracy": 0.35,
  "macro_f1": 0.33462265043502654,
  "weighted_f1": 0.34366275488527065,
  "macro_precision": 0.33374654650720925,
  "macro_recall": 0.33796926391163445,
  "roc_auc_ovr": 0.662006510699021,
  "per_class": {
    "Arthritis": {
      "f1": 0.4158790170132325,
      "precision": 0.3873239436619718,
      "recall": 0.4489795918367347
    },
    "Asthma": {
      "f1": 0.26515151515151514,
      "precision": 0.2916666666666667,
      "recall": 0.24305555555555555
    },
    "Diabetes": {
      "f1": 0.18316831683168316,
      "precision": 0.193717277486911,
      "recall": 0.17370892018779344
    },
    "Heart_Disease": {
      "f1": 0.5429864253393665,
      "precision": 0.5217391304347826,
      "recall": 0.5660377358490566
    },
    "Hypertension": {
      "f1": 0.2659279778393352,
      "precision": 0.2742857142857143,
      "recall": 0.25806451612903225
    }
  }
}